id,name,tel,email,birthday,age,area
1,Tabata Kamekichi,139285459,kamekichitabata@bpwizobbyh.oupcn.ob,1995/11/24,23,41
2,Kusakabe Haru,980706494,ukusakabe@ydffbad.qu,1997/8/20,22,15
3,Anzai Kokomi,959366129,kokomi6498@qpjfuxdw.eh.yr,1979/11/3,39,30
4,Takehara Masami,187877608,Masami_Takehara@kglasi.idk,1975/12/3,43,36
5,Ookawa Emi,970277937,emi_ookawa@hawhpc.bot.iq,1966/7/24,53,12
6,Maejima Takashi,247818666,jqvrqzmihtakashi2904@lngyjg.iq,1990/12/9,28,46
7,Kurosawa Satoko,594403446,satoko_kurosawa@pvrbiez.ard.ml,1974/12/30,44,26
8,Tsutsumi Yoshina,866935065,nhwrbgpykdfyoshina4650@ludvvajm.hk,1961/4/20,58,27
9,Kaneko Mitsuyo,777896779,mitsuyo20106@cqwrgrlw.qfy,1970/1/13,49,29
10,Sawai Rio,740132672,osawai@lmunsswwob.hia,1986/7/28,33,26
11,Aoyama Hiroji,250800378,hirojiaoyama@zjma.ikkju.dg,1973/3/16,46,31
12,Hirata Iroha,278636915,Iroha_Hirata@jyckpnnl.ldu.kw,1975/10/25,43,8
13,Sakai Yoshina,958476288,yoshina6937@csnoe.nrdnv.roa,1970/7/30,49,30
14,Ihara Shizue,26884256,shizue_ihara@judol.bobzf.gub,1967/4/9,52,21
15,Mizoguchi Chika,778313250,chika4789@cxwzz.qin,1986/1/5,33,22
16,Torii Kenjirou,435959535,llkqdxkenjirou056@itkxu.oz,1985/4/13,34,28
17,Yamamoto Miho,950484479,mihoyamamoto@ivstx.fhn,1962/12/19,56,40
18,Hirose Yoshiko,797371764,yoshiko27095@dbvph.er,1963/10/17,55,24
19,Iwabuchi Haruhi,737526966,haruhi40837@sxfgloulgf.an,1998/10/20,20,7
20,Matsuno Himari,971011634,imatsuno@ieksayrmsa.ui,1990/12/7,28,27
21,Ihara Morihiko,678116487,oihara@jnznotq.ae,1971/6/19,48,2
22,Masaki Kazue,596741856,kazue372@yutfeqfh.wy,1965/2/1,54,46
23,Miyahara Koukichi,955184016,koukichi702@rxile.cat,1989/7/22,30,41
24,Okamura Mikiko,796207817,mikiko_okamura@zvwrdwvot.trw.iet,1995/4/16,24,7
25,Kawahara Ryouji,955390139,ryouji8227@yczvsvqjiq.ow,1961/3/18,58,46
26,Suzuki Noriko,776098537,noriko64812@cgatn.vmgl.lho,1990/1/22,29,29
27,Hamazaki Ryuuichi,997751953,ryuuichi2105@zikfzic.vl,1991/2/23,28,18
28,Kitazawa Taizou,931230715,taizoukitazawa@wrabxxacr.unr,1975/8/14,44,18
29,Ohara Ruri,18623386,ruriohara@ueah.sii.fk,1979/5/13,40,9
30,Akamatsu Runa,950812365,ftwwm-dt-zybygruna977@dnpg.vzl,1971/9/10,48,6
31,Aikawa Masami,989705218,ilyuztpmasami082@dsnkwoyik.uec,1976/12/22,42,41
32,Mori Yumiko,954652064,omori@nxcvqixagp.uj.tg,1982/3/16,37,7
33,Nakazawa Rika,988650590,rika01514@kywvpi.pa.zn,1962/10/3,56,13
34,Kawasaki Anju,444712002,Anju_Kawasaki@noydifrvoq.js,1960/9/16,59,29
35,Miyakawa Mitsumasa,837303548,amiyakawa@hjss.yc,1972/12/19,46,40
36,Tsuchihashi Kiichi,929900274,Kiichi_Tsuchihashi@qpyuto.sqpfl.ws,1969/7/3,50,3
37,Maeno Katsuichi,77060883,katsuichi_maeno@iulj.mry,1995/3/5,24,22
38,Sakano Shougo,86551671,shougo2278@zzenrgiwko.ec,1998/1/1,21,37
39,Fujii Minae,233484541,minaefujii@pijcnmte.wot,1984/8/2,35,21
40,Hagiwara Masanobu,452009255,masanobu_hagiwara@bspkqlyyvf.jo.rs,1987/5/12,32,30
41,Okada Hirofumi,749905993,iokada@flnvgbrd.tzt,1984/11/21,34,17
42,Kawaguchi Ayaka,998980776,ayakakawaguchi@ijybeustq.ilp,1986/11/13,32,32
43,Sakashita Akira,246486589,asakashita@evavpmtxx.or.oy,1993/5/4,26,25
44,Yoshioka Yasuo,98574925,oyoshioka@ddhbjy.eqjg.nmr,1962/4/30,57,27
45,Kousaka Rio,977597586,rio2744@ssbpnnkp.fjkv.hoh,1967/12/2,51,25
46,Moroboshi Akinori,61829872,akinori6127@sjfw.fe,1970/12/30,48,3
47,Yoshida Shinjirou,852257152,shinjirou034@welf.mf,1992/7/5,27,28
48,Okuno Hiromi,250738009,vudtwxyctshiromi02838@gdtobssj.pv.ql,1983/4/27,36,21
49,Taira Ryouichi,748173091,ryouichi_taira@ewzapacjn.liu,1965/12/1,53,30
50,Enomoto Motoyoshi,979140862,motoyoshienomoto@drqrqxl.hd.fba,1991/9/8,28,19
51,Shimada Hatsue,96650885,hatsue0647@hlrnczajf.ep,1960/7/5,59,24
52,Nakao Haruyasu,395545103,unakao@kmbm.qosxl.tyc,1968/4/29,51,11
53,Mizushima Fumihiko,253023219,omizushima@kmim.pjn,1967/9/15,52,9
54,Miyake Yoshio,260756665,yoshio_miyake@yxnnkxckqu.evb,1982/12/14,36,8
55,Yasui Madoka,587709335,madoka321@ewznj.wqc,1988/12/21,30,6
56,Ooki Rino,78035555,rino744@laidmmyt.cd,1995/8/11,24,21
57,Hatori Hiroshi,552809228,fnn--ohiroshi82011@mklsflowcy.vp,1978/6/19,41,36
58,Akiba Tsunekichi,596433400,Tsunekichi_Akiba@ywkaksdc.ushnl.gu,1980/4/18,39,30
59,Tomioka Toyoki,54832343,toyoki_tomioka@jdxhbm.na.fk,1978/5/3,41,21
60,Yajima Ayu,398926795,ayuyajima@cazh.mk,1967/11/13,51,28
61,Tabata Hirofumi,748339027,jwgobfjxhirofumi18025@vhjp.vl,1984/1/23,35,15
62,Maki Uta,261069705,uta2638@qxahurto.kov,1993/4/17,26,1
63,Kurosawa Hina,548894616,hinakurosawa@jmbbkzrst.il,1969/2/8,50,41
64,Miki Kamna,488506949,kamna6649@dypgsx.yy,1973/5/17,46,33
65,Tabuchi Moeka,775859952,moeka76761@dyaejdzb.tmd,1960/6/18,59,31
66,Watanabe Yuuji,823398248,yuuji2121@ekskvvty.zqryr.ca,1962/2/1,57,42
67,Izumi Eizou,17571440,eizouizumi@nyekji.wil,1982/2/21,37,5
68,Akiba Shuuzou,475430320,shuuzou3950@utabdl.jaf.nn,1992/4/4,27,4
69,Iwaki Nana,874888689,aiwaki@qaurqk.vvgtn.amu,1965/12/16,53,38
70,Ogura Haruta,990361881,haruta3147@jbbs.reoc.ks,1965/1/3,54,40
71,Okamoto Shinya,175078928,shinyaokamoto@vpuzrdqvsd.alzp.ezu,1975/3/8,44,27
72,Usami Hirofumi,980213964,hirofumi231@syekdl.ai,1981/10/24,37,7
73,Ide Kazuya,887706108,kazuya340@gthtxnn.ncp,1963/12/29,55,25
74,Yoshii Ayane,587751984,ayane_yoshii@rawqeabks.di,1965/1/17,54,7
75,Yanagida Yumi,362554235,yumi90706@bddqf.tji,1963/1/26,56,41
76,Hirose Yuusei,551132120,yuusei2053@xodxtvjlrw.pry.no,1991/7/20,28,45
77,Yamakawa Miyoko,557335014,Miyoko_Yamakawa@wmzntpudxu.ld,1968/6/16,51,16
78,Kamiyama Kano,25968025,Kano_Kamiyama@ftga.ccp,1978/5/31,41,15
79,Takeda Isao,870812296,ngotaynisao67014@tmviin.op,1976/9/17,43,5
80,Kase Haruka,257839590,haruka2408@xqiqkf.ln,1996/11/28,22,5
81,Mizuta Saki,223354513,sakimizuta@xrjpb.xy,1964/12/26,54,42
82,Kikuchi Raito,74453929,okikuchi@qaxnbz.asv,1995/4/26,24,19
83,Tanaka Kazuhiro,6671717,Kazuhiro_Tanaka@vwzn.wi,1997/1/6,22,46
84,Tadokoro Seiichi,243113672,d-yhjvgz-=ogqgseiichi049@gtsbcv.vr.wr,1973/11/8,45,35
85,Misawa Sara,888450767,saramisawa@wlrogxoy.vjz,1977/4/14,42,39
86,Yamauchi Nene,836315719,nene76131@cqhhswywwa.vdl.eb,1977/5/29,42,21
87,Kishida Isao,166483789,Isao_Kishida@zwqsvbv.nhe.rtt,1976/5/10,43,24
88,Yano Riku,287736374,uyano@vquikjrpd.tc,1961/9/26,57,41
89,Noma Chiharu,835847026,chiharu_noma@hbfzhmqx.mb,1973/4/10,46,20
90,Niimura Fuuka,172614922,fuukaniimura@yfobaxxbza.my,1979/1/28,40,3
91,Takasaki Makoto,734324890,makoto9756@ilpf.kvd,1985/2/9,34,42
92,Matsuo Akane,236956796,akanematsuo@bdavsfombp.gt,1998/9/25,20,18
93,Terao Takao,824492118,takaoterao@xdaa.grj,1991/8/20,28,17
94,Hama Zenjirou,942715288,Zenjirou_Hama@dlymspa.je,1962/8/23,57,17
95,Shimomura Honoka,366197789,honoka_shimomura@oodb.fa,1987/12/9,31,20
96,Oomiya Aya,264063597,aya4747@npxqhre.sfx,1980/3/20,39,22
97,Masuyama Suzuka,824989730,suzuka_masuyama@cnshn.kx,1993/4/11,26,14
98,Suga Masatoshi,282756485,masatoshisuga@opvjlba.yy.bn,1975/9/5,44,12
99,Oomiya Chihiro,954936099,chihirooomiya@ptbctaq.uad,1991/7/2,28,47
100,Azuma Shirou,529281687,uazuma@beydxlyoq.fkv,1978/4/14,41,45
101,Furuichi Nagisa,795204561,nagisa3812@yygnq.pq,1960/10/4,58,2
102,Saitou Azusa,889070188,azusa46872@auffioywjo.nl,1975/5/24,44,12
103,Sudou Risa,274300975,Risa_Sudou@hrdjrf.yy,1990/3/13,29,11
104,Nonaka Reika,973578320,anonaka@qzab.eu,1964/10/28,54,40
105,Nishiyama Masanori,594359989,masanori19978@tzixaa.kw,1970/7/17,49,2
106,Haga Emi,925672828,emi_haga@eeiv.lu,1976/7/22,43,2
107,Kikuchi Mina,528661581,mina_kikuchi@gbreubfpmj.bmj,1995/7/29,24,39
108,Matsui Hidemi,895751532,hidemi38563@pbjnfubhes.as.zf,1995/7/13,24,20
109,Akaishi Yuuko,744778156,yuuko_akaishi@tbvb.ezc,1977/10/4,41,20
110,Kasahara Toshikatsu,594773209,toshikatsu838@hlzw.zb.nar,1988/7/20,31,37
111,Mishima Toshihiko,885629899,omishima@teagei.flr.qj,1959/10/30,59,6
112,Ogino Akari,782615434,akari9685@tgbzjsgz.os,1969/1/5,50,9
113,Kai Yukiho,266989567,yukihokai@mkbsq.vlo,1995/3/23,24,6
114,Yasuda Tomokazu,281514508,tomokazu01029@ovqenlq.kaz.ix,1967/1/24,52,42
115,Ikegami Chuukichi,776949018,fcaqj-chuukichi5020@tounsgelq.hls,1984/8/26,35,38
116,Suda Toshiya,584556330,asuda@cxfqjriqzv.yu.kt,1962/12/23,56,18
117,Sawai Nozomi,859418502,nozomi_sawai@vivmcwtdgx.vk,1973/12/16,45,27
118,Akabane Kiyotaka,860598917,Kiyotaka_Akabane@xmcf.eb,1998/9/12,21,21
119,Enari Toshiko,874378527,toshiko317@sfppfrhy.po,1969/2/7,50,11
120,Shimazu Touma,952758584,ashimazu@ebkympa.kr,1982/7/7,37,21
121,Okamura Aya,388565635,vr=nui-xbqpkaya0115@qlwo.uri,1979/4/18,40,12
122,Tomioka Haruhiko,257342301,Haruhiko_Tomioka@aeydhr.flw,1973/6/3,46,25
123,Yano Ayumi,766589782,Ayumi_Yano@vqcfljd.azs,1998/8/25,21,24
124,Kuribayashi Tsubaki,258542455,ikuribayashi@ymweqm.fjb,1959/10/28,59,32
125,Nara Atsushi,87797327,inara@fhpuoqyod.bcec.yv,1968/7/24,51,15
126,Shiga Ryouji,772372963,ryouji92654@eenxm.tsh,1982/10/13,36,36
127,Kikuchi Tomiko,253033962,tomiko443@ibezp.vra,1991/9/23,28,30
128,Kawashima Kimiko,13522364,Kimiko_Kawashima@ukoz.php,1975/3/26,44,35
129,Satou Shiori,187214638,shiori_satou@vloikwoij.yse,1963/10/17,55,13
130,Senoo Kazuya,852099125,xnutuwekazuya3465@ckqsxfsw.hii,1971/4/8,48,19
131,Okayama Chiho,761859327,rxqbrxxdtpjchiho013@btbwjj.tbi,1994/8/8,25,3
132,Iida Suzuna,294540089,suzuna75971@ybysb.wd,1994/3/2,25,13
133,Furuya Kouichi,677956469,kouichifuruya@khdgekbzbn.wv.fdf,1987/9/11,32,12
134,Nara Saya,954076511,saya3177@mddviesi.bhq,1985/11/10,33,27
135,Kase Fuuka,987322070,fuuka029@bdaotkbz.zc,1986/4/19,33,34
136,Hirayama Sadao,761562481,sadao536@lulqzeh.io,1996/7/6,23,7
137,Tomida Mao,462004768,maotomida@cnzvdyd.unv,1980/1/19,39,37
138,Hino Yuzuki,770173522,yuzukihino@rvrwqi.jd,1993/7/6,26,44
139,Takefuji Yuuzou,788021446,utakefuji@vhjlbqffu.iwi,1976/2/17,43,13
140,Yokota Anri,790451507,Anri_Yokota@rtaqgd.qb,1981/6/19,38,12
141,Fuse Yuzuki,186983528,ifuse@ehwxrgsfr.za,1969/6/29,50,32
142,Toshima Minayo,867570475,minayo22737@qvewywere.vs,1990/9/9,29,12
143,Yada Toshiko,480507636,toshiko6595@aveniktcp.mwvb.qrp,1980/1/21,39,30
144,Motomura Aya,769913524,aya5202@cgsd.riw.gl,1984/10/7,34,39
145,Komno Shinji,250704310,shinji44775@pwlxtml.sln.dpx,1966/8/11,53,38
146,Iwasaki Hana,982274279,gth=gubcrhana59137@adalhsg.dmk,1997/5/12,22,23
147,Koyanagi Masamitsu,277791089,masamitsukoyanagi@exjrqus.sln,1976/9/29,42,32
148,Oguchi Yukie,846446487,yukie185@szps.sk,1968/10/25,50,26
149,Izumi Michiharu,983509090,michiharu85503@obfj.cza,1997/6/13,22,19
150,Ozawa Masahiro,984607478,masahiro8090@royofsjfu.ghyg.gvo,1998/11/11,20,22
151,Ozawa Akio,587217679,akio5321@lkiblg.zqk,1988/3/26,31,46
152,Hosaka Midori,776470051,midorihosaka@xyff.hv,1969/8/19,50,41
153,Nakahara Kousuke,996710743,enakahara@aoyyn.efb,1976/11/9,42,33
154,Matsubara Kyouko,493802548,Kyouko_Matsubara@xqlirqbqai.zo,1979/6/27,40,7
155,Izawa Anju,991219976,anju163@ssibekg.nuh,1977/3/25,42,35
156,Terauchi Aina,732258172,aina0958@uejjijqz.jqc,1969/4/1,50,47
157,Nojima Katsumi,894773232,zswqkshea-dxkatsumi56166@upyjcz.vyoq.bd,1971/7/28,48,37
158,Miyasaka Toshio,896713925,toshio8183@johspd.msp,1981/7/11,38,11
159,Ooura Omi,897440332,omiooura@lezattktl.epb,1997/12/3,21,20
160,Takahara Hana,597122783,Hana_Takahara@xmhny.bhgo.ud,1980/9/3,39,13
161,Hiruta Chouhei,246018846,chouhei_hiruta@pgbdxoqdsw.qm,1985/7/2,34,27
162,Ojima Yuzuki,222643753,iojima@bijgzjd.qb,1975/7/25,44,16
163,Kosuge Yuki,548196245,yuki528@fnupezrlpw.mjd,1966/11/28,52,40
164,Ogura Katsuko,596382739,katsuko_ogura@xplytxyi.srv,1994/9/11,25,34
165,Nishiguchi Shin,951430185,shin91863@qjkwpbktuj.obt.os,1998/12/8,20,14
166,Kousaka Tetsuko,393069695,Tetsuko_Kousaka@nuwyephqf.gyn,1965/12/25,53,41
167,Akasaka Toshimasa,771629163,toshimasa_akasaka@wqqu.aic,1970/7/3,49,37
168,Nagayama Shouko,847687326,shouko764@xikfurcv.xsc,1962/6/4,57,21
169,Urano Minami,898384239,minamiurano@kgeytd.jmi,1988/11/2,30,33
170,Noguchi Haruki,255153715,haruki04697@uusdmfatyq.wat.hg,1998/9/25,20,2
171,Wada Chizuko,855112028,chizuko_wada@nyce.qv,1992/12/3,26,27
172,Takao Yuzu,766304205,yuzu_takao@lfbyuqzic.opeh.ncy,1982/12/6,36,1
173,Kaji Shion,732980508,shion8285@jruolj.qjl,1994/1/28,25,25
174,Yokoo Miku,952446536,Miku_Yokoo@rqluvkn.cl,1969/12/25,49,33
175,Iwanaga Emi,683294761,klrinbudemi0088@tpguvbghlr.koo,1987/10/29,31,10
176,Sasaki Yuuka,977417529,yuuka355@oeatckctg.mgfo.pi,1987/8/31,32,38
177,Murase Takenobu,774482967,takenobu316@ysofszufta.tg,1979/12/18,39,22
178,Ishimura Ai,987043565,ai302@ycctbzb.cr,1960/4/30,59,7
179,Nakamura Takehiro,257897502,bxfhuclatakehiro93527@smtbeav.ra,1994/1/14,25,7
180,Kanazawa Minako,782830989,minako_kanazawa@kuiukv.pax,1993/4/21,26,27
181,Yoshii Nana,19741666,ayoshii@umsfyypdrj.xp,1992/7/18,27,43
182,Ozawa Shion,566321354,fugxhjtdshion840@lewkplok.fr,1979/2/18,40,44
183,Kimoto Yuzuki,973649240,yuzuki3935@ufktx.yt,1995/4/16,24,13
184,Tsuboi Kazumasa,277094742,vjvadlfauzltukazumasa9848@ajef.lbc,1981/2/11,38,40
185,Itou Maiko,289599416,maiko17316@hztspx.to,1972/12/22,46,3
186,Kai Hideyuki,488363107,hideyuki82777@yahklovltq.wg,1976/10/26,42,44
187,Terauchi Shiori,954948679,Shiori_Terauchi@dtbdklp.ybi,1993/3/24,26,6
188,Saegusa Takeo,985344649,osaegusa@ffxyk.fg,1981/1/14,38,37
189,Uchino Ayumi,199735463,ayumi3080@hnsndwe.ygm,1964/10/17,54,28
190,Obata Yasunori,573524259,yasunoriobata@ihfsv.pvf.wf,1967/12/30,51,22
191,Kurosawa Souhei,742685979,souhei6027@cnhbr.cqr.ix,1998/1/15,21,32
192,Yamauchi Tadashi,778104842,tadashi4764@qonlp.zr,1981/7/9,38,38
193,Tsukamoto Mayu,886634773,Mayu_Tsukamoto@rlbng.raw,1982/6/20,37,22
194,Kumada Tetsuji,742524191,ikumada@wijojyp.pc.xd,1965/6/19,54,6
195,Kitahara Hideo,791732464,hideo878@owdylpago.dv,1960/6/25,59,12
196,Kawana Toshio,24458515,toshio360@kzlzlx.jrtpz.re,1987/7/25,32,11
197,Shinozaki Kurumi,450774790,kurumi4925@zoexl.thf,1987/12/2,31,2
198,Nagata Yoshitarou,877550909,yoshitarou724@ccdi.vxzn.tf,1988/3/15,31,40
199,Ninomiya Kouji,285921752,kouji07907@dgzuwhbmdu.lhi,1970/1/1,49,27
200,Kanou Riko,466860334,riko70294@edlpcgohg.oy.pkq,1987/1/21,32,31
